<?xml version="1.0" encoding="UTF-8"?>
<beans xmlns="http://www.springframework.org/schema/beans"
       xmlns:xsi="http://www.w3.org/2001/XMLSchema-instance"
       xsi:schemaLocation="http://www.springframework.org/schema/beans
   http://www.springframework.org/schema/beans/spring-beans-3.1.xsd">

    <import resource="applicationContext-properties.xml" />

    <bean id="mailSender" class="org.springframework.mail.javamail.JavaMailSenderImpl">
        <property name="protocol" value="#{mailProps['mail.transport.protocol']}"/>
        <property name="host" value="#{mailProps['mail.host']}"/>
        <property name="username" value="#{mailProps['mail.user']}"/>
        <property name="password" value="#{mailProps['mail.pass']}"/>
        <property name="port" value="#{mailProps['mail.port']}"/>
    </bean>

    <bean id="velocityEngine" class="org.springframework.ui.velocity.VelocityEngineFactoryBean">
        <property name="velocityProperties">
            <value>
                resource.loader=class
                class.resource.loader.class=org.apache.velocity.runtime.resource.loader.ClasspathResourceLoader
            </value>
        </property>
    </bean>
</beans>