<?xml version="1.0" encoding="UTF-8"?>
<beans xmlns="http://www.springframework.org/schema/beans"
       xmlns:xsi="http://www.w3.org/2001/XMLSchema-instance"
       xmlns:context="http://www.springframework.org/schema/context"
       xmlns:mongo="http://www.springframework.org/schema/data/mongo"
       xsi:schemaLocation=
               "http://www.springframework.org/schema/context
          http://www.springframework.org/schema/context/spring-context-3.1.xsd
          http://www.springframework.org/schema/data/mongo
          http://www.springframework.org/schema/data/mongo/spring-mongo-1.0.xsd
          http://www.springframework.org/schema/beans
          http://www.springframework.org/schema/beans/spring-beans-3.1.xsd">

    <import resource="applicationContext-properties.xml"/>

    <mongo:mongo host="#{mdbProps['mongo.db.host']}" port="#{mdbProps['mongo.db.port']}">
        <mongo:options connections-per-host="#{mdbProps['mongo.db.connections-per-host']}"
                       threads-allowed-to-block-for-connection-multiplier="#{mdbProps['mongo.db.threads-allowed-to-block-for-connection-multiplier']}"
                       connect-timeout="#{mdbProps['mongo.db.connect-timeout']}"
                       max-wait-time="#{mdbProps['mongo.db.max-wait-time']}"
                       auto-connect-retry="#{mdbProps['mongo.db.auto-connect-retry']}"
                       socket-keep-alive="#{mdbProps['mongo.db.socket-keep-alive']}"
                       socket-timeout="#{mdbProps['mongo.db.socket-timeout']}"
                       write-number="#{mdbProps['mongo.db.write-number']}"
                       write-timeout="#{mdbProps['mongo.db.write-timeout']}"
                       write-fsync="#{mdbProps['mongo.db.write-fsync']}"/>
    </mongo:mongo>

    <mongo:db-factory dbname="#{mdbProps['mongo.db.name']}" mongo-ref="mongo"/>

    <bean id="mongoTemplate" class="org.springframework.data.mongodb.core.MongoTemplate">
        <constructor-arg name="mongoDbFactory" ref="mongoDbFactory"/>
    </bean>

    <mongo:repositories base-package="com.blogspot.nikcode.mongo.repository"/>

</beans>