<beans xmlns="http://www.springframework.org/schema/beans"
       xmlns:xsi="http://www.w3.org/2001/XMLSchema-instance"
       xmlns:tx="http://www.springframework.org/schema/tx"
       xsi:schemaLocation="http://www.springframework.org/schema/beans
                           http://www.springframework.org/schema/beans/spring-beans-3.1.xsd
                           http://www.springframework.org/schema/tx
                           http://www.springframework.org/schema/tx/spring-tx-3.1.xsd">

    <!-- Configuring the data source bean for the entire system -->
    <bean id="dataSource" class="com.mchange.v2.c3p0.ComboPooledDataSource" destroy-method="close">
        <property name="driverClass" value="#{dbProps['jdbc.driverClassName']}"/>
        <property name="jdbcUrl" value="#{dbProps['jdbc.url']}"/>
        <property name="user" value="#{dbProps['jdbc.username']}"/>
        <property name="password" value="#{dbProps['jdbc.password']}"/>
        <property name="preferredTestQuery" value="SELECT 1"/>
    </bean>

    <bean id="improvedNamingStrategy" class="org.hibernate.cfg.ImprovedNamingStrategy"/>

    <!-- Configuring the session factory for hibernate -->
    <bean id="sessionFactory" class="org.springframework.orm.hibernate4.LocalSessionFactoryBean">
        <!-- Setting up the data source as defined in an external context file: applicationContext-jdbc.xml -->
        <property name="dataSource" ref="dataSource"/>

        <property name="packagesToScan" value="com.yourpackagename.yourwebproject.model"/>

        <!-- Setting the Hibernate config file path for linking up the entity POJOs -->
        <property name="configLocation" value="classpath:config/database/hibernate.cfg.xml"/>

        <property name="hibernateProperties">
            <props>
                <prop key="hibernate.dialect">org.hibernate.dialect.MySQLDialect</prop>
                <prop key="hibernate.hbm2ddl.auto">update</prop>
                <prop key="hibernate.show_sql">false</prop>
                <prop key="c3p0.max_size">${dbProps['hibernate.c3p0.max_size']}</prop>
                <prop key="c3p0.min_size">${dbProps['hibernate.c3p0.min_size']}</prop>
                <prop key="c3p0.max_statements">${dbProps['hibernate.c3p0.max_statements']}</prop>
                <prop key="c3p0.timeout">${dbProps['hibernate.c3p0.timeout']}</prop>
            </props>
        </property>

        <property name="namingStrategy" ref="improvedNamingStrategy"/>
    </bean>

    <bean id="transactionManager" class="org.springframework.orm.hibernate4.HibernateTransactionManager">
        <property name="sessionFactory" ref="sessionFactory"/>
    </bean>

    <tx:annotation-driven/>
</beans>