<beans xmlns="http://www.springframework.org/schema/beans"
       xmlns:xsi="http://www.w3.org/2001/XMLSchema-instance"
       xmlns:context="http://www.springframework.org/schema/context"
       xmlns:tx="http://www.springframework.org/schema/tx"
       xmlns:mvc="http://www.springframework.org/schema/mvc"

       xsi:schemaLocation="http://www.springframework.org/schema/beans
           http://www.springframework.org/schema/beans/spring-beans-3.1.xsd
           http://www.springframework.org/schema/context
           http://www.springframework.org/schema/context/spring-context-3.1.xsd
           http://www.springframework.org/schema/tx
           http://www.springframework.org/schema/tx/spring-tx-3.1.xsd
		   http://www.springframework.org/schema/mvc
		   http://www.springframework.org/schema/mvc/spring-mvc-3.1.xsd">

    <import resource="applicationContext-scheduler.xml"/>
    <import resource="applicationContext-service.xml"/>

    <mvc:annotation-driven/>

    <!-- Handles HTTP GET requests for /res/** by efficiently serving up static resources in the ${webappRoot}/res directory -->
   	<mvc:resources mapping="/res/**" location="/res/" />

    <bean id="tilesConfigurer"
          class="org.springframework.web.servlet.view.tiles2.TilesConfigurer">
        <property name="definitions">
            <list>
                <value>classpath:tiles/templates.web.xml</value>
            </list>
        </property>
    </bean>

    <bean id="tilesViewResolver"
          class="org.springframework.web.servlet.view.UrlBasedViewResolver">
        <property name="viewClass" value="org.springframework.web.servlet.view.tiles2.TilesView"/>
    </bean>

    <!-- Add controller package to be scanned for this path -->
    <context:component-scan base-package="com.yourpackagename.yourwebproject.webapp.controller"/>

    <tx:annotation-driven/>
</beans>