<beans:beans xmlns="http://www.springframework.org/schema/security"
  xmlns:beans="http://www.springframework.org/schema/beans"
  xmlns:xsi="http://www.w3.org/2001/XMLSchema-instance"
  xsi:schemaLocation="http://www.springframework.org/schema/beans
    http://www.springframework.org/schema/beans/spring-beans-3.0.xsd
    http://www.springframework.org/schema/security
    http://www.springframework.org/schema/security/spring-security-3.1.xsd">

    <http>
        <intercept-url pattern="/*" access="ROLE_ANONYMOUS"/>
		<form-login
			default-target-url="/" 
            always-use-default-target="true" />
		<anonymous />
        <logout />
    </http>

	<authentication-manager alias="authenticationManager">
      <authentication-provider ref="myAuthenticationProvider" />
    </authentication-manager>

	<beans:bean id="myAuthenticationProvider"
      class="com.jverstry.LoginLogout.Authentication.MyAuthenticationProvider" />
    
</beans:beans>
